-- Seed data: full permission catalog + the 16 system role templates + their grants.
-- Generated deterministically; every permission and every role listed in the
-- Enterprise Platform Architecture doc (docs/04) is present here for real.

-- Permissions
INSERT INTO permissions (id, code, resource, action, description) VALUES ('2b3a08a9-628c-4ed7-b6b6-12d69ea16869', 'organization:manage', 'organization', 'manage', 'Manage organization settings, billing tier, status');
INSERT INTO permissions (id, code, resource, action, description) VALUES ('43994f64-9a74-4a29-8770-e8d4f0486de5', 'organization:delete', 'organization', 'delete', 'Delete or archive the organization');
INSERT INTO permissions (id, code, resource, action, description) VALUES ('150ddf07-6534-457e-89e4-8091b550ea35', 'member:invite', 'member', 'invite', 'Invite new members to the organization');
INSERT INTO permissions (id, code, resource, action, description) VALUES ('1a0896e2-94d3-486a-97df-537e948934e0', 'member:remove', 'member', 'remove', 'Remove a member from the organization');
INSERT INTO permissions (id, code, resource, action, description) VALUES ('d2ac14e1-47bc-4287-a6a7-ff66dd7642af', 'member:view', 'member', 'view', 'View organization member list and profiles');
INSERT INTO permissions (id, code, resource, action, description) VALUES ('ac9d18c4-3623-4b40-ac7d-ba8cf8a67e9f', 'member:manage_role', 'member', 'manage_role', 'Change a member''s role');
INSERT INTO permissions (id, code, resource, action, description) VALUES ('a4363982-2109-41c3-922c-c5127b7a1332', 'role:manage', 'role', 'manage', 'Create, edit, delete custom roles and permission grants');
INSERT INTO permissions (id, code, resource, action, description) VALUES ('da217173-e227-4491-ae81-ea98b88595e1', 'role:view', 'role', 'view', 'View roles and their permissions');
INSERT INTO permissions (id, code, resource, action, description) VALUES ('c49b5b09-5c0c-4d56-9104-bffd39a77df2', 'department:manage', 'department', 'manage', 'Create, edit, delete departments');
INSERT INTO permissions (id, code, resource, action, description) VALUES ('fd1dfa9a-ff91-43a6-8f6c-f5d99df8101f', 'department:view', 'department', 'view', 'View department structure');
INSERT INTO permissions (id, code, resource, action, description) VALUES ('5a6f8016-1d8c-4e9e-888f-02ed3e5e46f1', 'team:manage', 'team', 'manage', 'Create, edit, delete teams; manage team membership');
INSERT INTO permissions (id, code, resource, action, description) VALUES ('1a47321e-be5f-438d-9a6f-056de2f75a02', 'team:view', 'team', 'view', 'View teams and their members');
INSERT INTO permissions (id, code, resource, action, description) VALUES ('3e7fc661-439e-4693-8d12-3b8629a36118', 'workspace:create', 'workspace', 'create', 'Create a new workspace');
INSERT INTO permissions (id, code, resource, action, description) VALUES ('0f3ff5d1-1cfd-4328-9833-ca539665a85f', 'workspace:manage', 'workspace', 'manage', 'Edit/archive/delete a workspace');
INSERT INTO permissions (id, code, resource, action, description) VALUES ('e334f7a9-d233-4859-9c6b-23f5a8dbf1dc', 'workspace:view', 'workspace', 'view', 'View workspace contents');
INSERT INTO permissions (id, code, resource, action, description) VALUES ('a1b3141d-a414-4969-b50c-b259e347a84b', 'project:create', 'project', 'create', 'Create a new project');
INSERT INTO permissions (id, code, resource, action, description) VALUES ('6b8f0580-e976-44a0-bda7-4d63f516273d', 'project:manage', 'project', 'manage', 'Edit project settings, archive/delete a project');
INSERT INTO permissions (id, code, resource, action, description) VALUES ('7b81cb0e-60bb-4af6-a6d9-00033dffe91f', 'project:view', 'project', 'view', 'View project contents');
INSERT INTO permissions (id, code, resource, action, description) VALUES ('b0d355a2-ff07-49e9-ac22-a2a1ede2fbde', 'issue:create', 'issue', 'create', 'Create a new issue');
INSERT INTO permissions (id, code, resource, action, description) VALUES ('d99b96c3-f7fa-42cd-8a44-6abd20eeb443', 'issue:edit', 'issue', 'edit', 'Edit issue title/description/fields');
INSERT INTO permissions (id, code, resource, action, description) VALUES ('e368dfdb-e25d-4816-b72c-6ca4606c30ed', 'issue:delete', 'issue', 'delete', 'Delete an issue');
INSERT INTO permissions (id, code, resource, action, description) VALUES ('cbf62ca0-c134-4522-97b5-01b0bb1bdc02', 'issue:assign', 'issue', 'assign', 'Assign/reassign an issue to a member or AI agent');
INSERT INTO permissions (id, code, resource, action, description) VALUES ('042a93e9-c2ef-4a42-b428-71ecfab8bb8b', 'issue:transition', 'issue', 'transition', 'Move an issue between workflow statuses');
INSERT INTO permissions (id, code, resource, action, description) VALUES ('d23f1c29-fac3-4e5a-a25c-2acc8b9c44a2', 'issue:view', 'issue', 'view', 'View issues');
INSERT INTO permissions (id, code, resource, action, description) VALUES ('8c5527a4-3403-49df-89d3-d8574ab64a4f', 'comment:create', 'comment', 'create', 'Add a comment to an issue');
INSERT INTO permissions (id, code, resource, action, description) VALUES ('3a88e3c3-2077-49c4-9ad4-622b736c1d00', 'comment:delete', 'comment', 'delete', 'Delete a comment');
INSERT INTO permissions (id, code, resource, action, description) VALUES ('d2528983-3ceb-4d13-9fc0-a6e5ba00d5e9', 'sprint:manage', 'sprint', 'manage', 'Create, start, complete sprints');
INSERT INTO permissions (id, code, resource, action, description) VALUES ('3a60befc-2d19-4948-aa28-c5775f818e4c', 'sprint:view', 'sprint', 'view', 'View sprint contents and burndown');
INSERT INTO permissions (id, code, resource, action, description) VALUES ('9fd9af8d-869f-4c1c-a744-abd3160532a9', 'ai:invoke', 'ai', 'invoke', 'Manually invoke an AI agent on an issue');
INSERT INTO permissions (id, code, resource, action, description) VALUES ('f985ed1c-1d7b-43ae-9cc7-d89d8e1b5d99', 'ai:configure_provider', 'ai', 'configure_provider', 'Configure which cloud AI provider/model is used');
INSERT INTO permissions (id, code, resource, action, description) VALUES ('889710a9-ceb6-4dad-bcd0-c8da7cac9b09', 'ai:view_executions', 'ai', 'view_executions', 'View AI agent execution history and logs');
INSERT INTO permissions (id, code, resource, action, description) VALUES ('c3a030ab-4a67-4d8d-9186-c008d6065083', 'ai:approve_plan', 'ai', 'approve_plan', 'Approve an AI-generated implementation plan before execution');
INSERT INTO permissions (id, code, resource, action, description) VALUES ('e59f3fb6-576f-4e13-9483-49432bd4019c', 'audit_log:view', 'audit_log', 'view', 'View the organization audit log');
INSERT INTO permissions (id, code, resource, action, description) VALUES ('d23081ea-3f4f-4627-817e-68b409ddb550', 'billing:manage', 'billing', 'manage', 'Manage billing, plan tier, payment methods');
INSERT INTO permissions (id, code, resource, action, description) VALUES ('7cd629d1-2952-4915-948a-4f897a4e5cbc', 'billing:view', 'billing', 'view', 'View billing history and invoices');
INSERT INTO permissions (id, code, resource, action, description) VALUES ('a8c0256d-bd6d-4162-9ae4-01df473a4593', 'analytics:view', 'analytics', 'view', 'View analytics dashboards');
INSERT INTO permissions (id, code, resource, action, description) VALUES ('797c4fd3-d622-4cdd-981b-647ee1473559', 'analytics:view_org_wide', 'analytics', 'view_org_wide', 'View organization-wide analytics across all departments');
INSERT INTO permissions (id, code, resource, action, description) VALUES ('d57e64c9-9614-455f-a7f5-a6845c38c2be', 'documentation:create', 'documentation', 'create', 'Create or edit wiki/documentation pages');
INSERT INTO permissions (id, code, resource, action, description) VALUES ('abc17534-a3e2-45f3-a06c-64e9d3810d61', 'documentation:view', 'documentation', 'view', 'View wiki/documentation pages');
INSERT INTO permissions (id, code, resource, action, description) VALUES ('b2fdf41f-2047-406f-a75d-5a98570ccf6f', 'notification:manage_settings', 'notification', 'manage_settings', 'Manage own notification preferences');
INSERT INTO permissions (id, code, resource, action, description) VALUES ('9a181a4e-e1a7-45fa-80af-6fadeea921b1', 'invitation:create', 'invitation', 'create', 'Create invitations (email/link/code)');
INSERT INTO permissions (id, code, resource, action, description) VALUES ('699e2b64-ab16-44bd-88af-080f28dfecf7', 'invitation:revoke', 'invitation', 'revoke', 'Revoke a pending invitation');
INSERT INTO permissions (id, code, resource, action, description) VALUES ('cf81d095-b10c-4d2f-b5be-8f8e3f9701a7', 'plugin:install', 'plugin', 'install', 'Install a plugin/integration into the organization');
INSERT INTO permissions (id, code, resource, action, description) VALUES ('58c0d261-0ef3-4220-8a5a-7a9b74976230', 'plugin:manage', 'plugin', 'manage', 'Configure or remove installed plugins');
INSERT INTO permissions (id, code, resource, action, description) VALUES ('dcc94216-8225-40e7-863c-62081e2dbdaa', 'workflow:manage', 'workflow', 'manage', 'Edit the workflow/pipeline definition');
INSERT INTO permissions (id, code, resource, action, description) VALUES ('69d6c3ef-2c56-472d-b11b-1e9072982796', 'attachment:upload', 'attachment', 'upload', 'Upload file attachments');
INSERT INTO permissions (id, code, resource, action, description) VALUES ('4fde1231-00eb-400e-aa65-d1480a8722a0', 'attachment:delete', 'attachment', 'delete', 'Delete file attachments');
INSERT INTO permissions (id, code, resource, action, description) VALUES ('1f5b6300-906d-4cba-aac0-ff07f4e70f34', 'search:use', 'search', 'use', 'Use global search');
INSERT INTO permissions (id, code, resource, action, description) VALUES ('4213c0ab-51f2-4223-bbdf-0b75b7c86b67', 'profile:view_others', 'profile', 'view_others', 'View other members'' full profile detail (activity, productivity)');

-- System role templates (organization_id IS NULL)
INSERT INTO roles (id, organization_id, code, name, is_system, is_ai) VALUES ('7f293ea5-0a90-4f3b-b225-8848946c2f12', NULL, 'ORG_OWNER', 'Organization Owner', TRUE, FALSE);
INSERT INTO roles (id, organization_id, code, name, is_system, is_ai) VALUES ('f4398c46-b9ef-4c89-aa41-b6f8946cf769', NULL, 'ORG_ADMIN', 'Organization Admin', TRUE, FALSE);
INSERT INTO roles (id, organization_id, code, name, is_system, is_ai) VALUES ('d819bbb1-da5d-4ca1-983a-d086e490361b', NULL, 'ENGINEERING_MANAGER', 'Engineering Manager', TRUE, FALSE);
INSERT INTO roles (id, organization_id, code, name, is_system, is_ai) VALUES ('998b330c-4f56-4217-a3b7-4d0e04a2b7a7', NULL, 'TEAM_LEAD', 'Team Lead', TRUE, FALSE);
INSERT INTO roles (id, organization_id, code, name, is_system, is_ai) VALUES ('6a2ec86d-dd91-4d66-811a-7b3e61713e40', NULL, 'DEVELOPER', 'Developer', TRUE, FALSE);
INSERT INTO roles (id, organization_id, code, name, is_system, is_ai) VALUES ('28bdba23-21b4-41d5-ba21-9cea857b245f', NULL, 'QA_ENGINEER', 'QA Engineer', TRUE, FALSE);
INSERT INTO roles (id, organization_id, code, name, is_system, is_ai) VALUES ('1dc5bcd2-c0f5-4f89-9ac3-eccbd15a0992', NULL, 'DESIGNER', 'Designer', TRUE, FALSE);
INSERT INTO roles (id, organization_id, code, name, is_system, is_ai) VALUES ('4ec011a0-bea6-483e-8df2-36885af90687', NULL, 'PRODUCT_MANAGER', 'Product Manager', TRUE, FALSE);
INSERT INTO roles (id, organization_id, code, name, is_system, is_ai) VALUES ('0e109cd5-501a-411f-b9af-f78092a2c8dd', NULL, 'HR', 'HR', TRUE, FALSE);
INSERT INTO roles (id, organization_id, code, name, is_system, is_ai) VALUES ('47fa03e8-1ff0-4aa4-8d9c-7f1250c911b1', NULL, 'GUEST', 'Guest', TRUE, FALSE);
INSERT INTO roles (id, organization_id, code, name, is_system, is_ai) VALUES ('8b68a1d0-5f9d-4d0b-a7a7-d3f2d87d458e', NULL, 'AI_PLANNER', 'AI Planner Agent', TRUE, TRUE);
INSERT INTO roles (id, organization_id, code, name, is_system, is_ai) VALUES ('d411bef0-55ac-4ab2-8bb0-1849b7d6b636', NULL, 'AI_DEVELOPER', 'AI Developer Agent', TRUE, TRUE);
INSERT INTO roles (id, organization_id, code, name, is_system, is_ai) VALUES ('a40fd730-eb58-4590-9421-99225a7ba295', NULL, 'AI_REVIEWER', 'AI Reviewer Agent', TRUE, TRUE);
INSERT INTO roles (id, organization_id, code, name, is_system, is_ai) VALUES ('01a197d9-664b-4099-9c16-b6c8387f41fb', NULL, 'AI_TESTING_AGENT', 'AI Testing Agent', TRUE, TRUE);
INSERT INTO roles (id, organization_id, code, name, is_system, is_ai) VALUES ('47e37723-648a-4e99-bad9-49b51f7fc9a1', NULL, 'AI_DOCUMENTATION_AGENT', 'AI Documentation Agent', TRUE, TRUE);
INSERT INTO roles (id, organization_id, code, name, is_system, is_ai) VALUES ('7ac5ffd8-5708-462c-8c59-f0ad78164fc8', NULL, 'AI_RESEARCH_AGENT', 'AI Research Agent', TRUE, TRUE);

-- Role -> Permission grants
INSERT INTO role_permissions (role_id, permission_id) VALUES ('7f293ea5-0a90-4f3b-b225-8848946c2f12', '2b3a08a9-628c-4ed7-b6b6-12d69ea16869');
INSERT INTO role_permissions (role_id, permission_id) VALUES ('7f293ea5-0a90-4f3b-b225-8848946c2f12', '43994f64-9a74-4a29-8770-e8d4f0486de5');
INSERT INTO role_permissions (role_id, permission_id) VALUES ('7f293ea5-0a90-4f3b-b225-8848946c2f12', '150ddf07-6534-457e-89e4-8091b550ea35');
INSERT INTO role_permissions (role_id, permission_id) VALUES ('7f293ea5-0a90-4f3b-b225-8848946c2f12', '1a0896e2-94d3-486a-97df-537e948934e0');
INSERT INTO role_permissions (role_id, permission_id) VALUES ('7f293ea5-0a90-4f3b-b225-8848946c2f12', 'd2ac14e1-47bc-4287-a6a7-ff66dd7642af');
INSERT INTO role_permissions (role_id, permission_id) VALUES ('7f293ea5-0a90-4f3b-b225-8848946c2f12', 'ac9d18c4-3623-4b40-ac7d-ba8cf8a67e9f');
INSERT INTO role_permissions (role_id, permission_id) VALUES ('7f293ea5-0a90-4f3b-b225-8848946c2f12', 'a4363982-2109-41c3-922c-c5127b7a1332');
INSERT INTO role_permissions (role_id, permission_id) VALUES ('7f293ea5-0a90-4f3b-b225-8848946c2f12', 'da217173-e227-4491-ae81-ea98b88595e1');
INSERT INTO role_permissions (role_id, permission_id) VALUES ('7f293ea5-0a90-4f3b-b225-8848946c2f12', 'c49b5b09-5c0c-4d56-9104-bffd39a77df2');
INSERT INTO role_permissions (role_id, permission_id) VALUES ('7f293ea5-0a90-4f3b-b225-8848946c2f12', 'fd1dfa9a-ff91-43a6-8f6c-f5d99df8101f');
INSERT INTO role_permissions (role_id, permission_id) VALUES ('7f293ea5-0a90-4f3b-b225-8848946c2f12', '5a6f8016-1d8c-4e9e-888f-02ed3e5e46f1');
INSERT INTO role_permissions (role_id, permission_id) VALUES ('7f293ea5-0a90-4f3b-b225-8848946c2f12', '1a47321e-be5f-438d-9a6f-056de2f75a02');
INSERT INTO role_permissions (role_id, permission_id) VALUES ('7f293ea5-0a90-4f3b-b225-8848946c2f12', '3e7fc661-439e-4693-8d12-3b8629a36118');
INSERT INTO role_permissions (role_id, permission_id) VALUES ('7f293ea5-0a90-4f3b-b225-8848946c2f12', '0f3ff5d1-1cfd-4328-9833-ca539665a85f');
INSERT INTO role_permissions (role_id, permission_id) VALUES ('7f293ea5-0a90-4f3b-b225-8848946c2f12', 'e334f7a9-d233-4859-9c6b-23f5a8dbf1dc');
INSERT INTO role_permissions (role_id, permission_id) VALUES ('7f293ea5-0a90-4f3b-b225-8848946c2f12', 'a1b3141d-a414-4969-b50c-b259e347a84b');
INSERT INTO role_permissions (role_id, permission_id) VALUES ('7f293ea5-0a90-4f3b-b225-8848946c2f12', '6b8f0580-e976-44a0-bda7-4d63f516273d');
INSERT INTO role_permissions (role_id, permission_id) VALUES ('7f293ea5-0a90-4f3b-b225-8848946c2f12', '7b81cb0e-60bb-4af6-a6d9-00033dffe91f');
INSERT INTO role_permissions (role_id, permission_id) VALUES ('7f293ea5-0a90-4f3b-b225-8848946c2f12', 'b0d355a2-ff07-49e9-ac22-a2a1ede2fbde');
INSERT INTO role_permissions (role_id, permission_id) VALUES ('7f293ea5-0a90-4f3b-b225-8848946c2f12', 'd99b96c3-f7fa-42cd-8a44-6abd20eeb443');
INSERT INTO role_permissions (role_id, permission_id) VALUES ('7f293ea5-0a90-4f3b-b225-8848946c2f12', 'e368dfdb-e25d-4816-b72c-6ca4606c30ed');
INSERT INTO role_permissions (role_id, permission_id) VALUES ('7f293ea5-0a90-4f3b-b225-8848946c2f12', 'cbf62ca0-c134-4522-97b5-01b0bb1bdc02');
INSERT INTO role_permissions (role_id, permission_id) VALUES ('7f293ea5-0a90-4f3b-b225-8848946c2f12', '042a93e9-c2ef-4a42-b428-71ecfab8bb8b');
INSERT INTO role_permissions (role_id, permission_id) VALUES ('7f293ea5-0a90-4f3b-b225-8848946c2f12', 'd23f1c29-fac3-4e5a-a25c-2acc8b9c44a2');
INSERT INTO role_permissions (role_id, permission_id) VALUES ('7f293ea5-0a90-4f3b-b225-8848946c2f12', '8c5527a4-3403-49df-89d3-d8574ab64a4f');
INSERT INTO role_permissions (role_id, permission_id) VALUES ('7f293ea5-0a90-4f3b-b225-8848946c2f12', '3a88e3c3-2077-49c4-9ad4-622b736c1d00');
INSERT INTO role_permissions (role_id, permission_id) VALUES ('7f293ea5-0a90-4f3b-b225-8848946c2f12', 'd2528983-3ceb-4d13-9fc0-a6e5ba00d5e9');
INSERT INTO role_permissions (role_id, permission_id) VALUES ('7f293ea5-0a90-4f3b-b225-8848946c2f12', '3a60befc-2d19-4948-aa28-c5775f818e4c');
INSERT INTO role_permissions (role_id, permission_id) VALUES ('7f293ea5-0a90-4f3b-b225-8848946c2f12', '9fd9af8d-869f-4c1c-a744-abd3160532a9');
INSERT INTO role_permissions (role_id, permission_id) VALUES ('7f293ea5-0a90-4f3b-b225-8848946c2f12', 'f985ed1c-1d7b-43ae-9cc7-d89d8e1b5d99');
INSERT INTO role_permissions (role_id, permission_id) VALUES ('7f293ea5-0a90-4f3b-b225-8848946c2f12', '889710a9-ceb6-4dad-bcd0-c8da7cac9b09');
INSERT INTO role_permissions (role_id, permission_id) VALUES ('7f293ea5-0a90-4f3b-b225-8848946c2f12', 'c3a030ab-4a67-4d8d-9186-c008d6065083');
INSERT INTO role_permissions (role_id, permission_id) VALUES ('7f293ea5-0a90-4f3b-b225-8848946c2f12', 'e59f3fb6-576f-4e13-9483-49432bd4019c');
INSERT INTO role_permissions (role_id, permission_id) VALUES ('7f293ea5-0a90-4f3b-b225-8848946c2f12', 'd23081ea-3f4f-4627-817e-68b409ddb550');
INSERT INTO role_permissions (role_id, permission_id) VALUES ('7f293ea5-0a90-4f3b-b225-8848946c2f12', '7cd629d1-2952-4915-948a-4f897a4e5cbc');
INSERT INTO role_permissions (role_id, permission_id) VALUES ('7f293ea5-0a90-4f3b-b225-8848946c2f12', 'a8c0256d-bd6d-4162-9ae4-01df473a4593');
INSERT INTO role_permissions (role_id, permission_id) VALUES ('7f293ea5-0a90-4f3b-b225-8848946c2f12', '797c4fd3-d622-4cdd-981b-647ee1473559');
INSERT INTO role_permissions (role_id, permission_id) VALUES ('7f293ea5-0a90-4f3b-b225-8848946c2f12', 'd57e64c9-9614-455f-a7f5-a6845c38c2be');
INSERT INTO role_permissions (role_id, permission_id) VALUES ('7f293ea5-0a90-4f3b-b225-8848946c2f12', 'abc17534-a3e2-45f3-a06c-64e9d3810d61');
INSERT INTO role_permissions (role_id, permission_id) VALUES ('7f293ea5-0a90-4f3b-b225-8848946c2f12', 'b2fdf41f-2047-406f-a75d-5a98570ccf6f');
INSERT INTO role_permissions (role_id, permission_id) VALUES ('7f293ea5-0a90-4f3b-b225-8848946c2f12', '9a181a4e-e1a7-45fa-80af-6fadeea921b1');
INSERT INTO role_permissions (role_id, permission_id) VALUES ('7f293ea5-0a90-4f3b-b225-8848946c2f12', '699e2b64-ab16-44bd-88af-080f28dfecf7');
INSERT INTO role_permissions (role_id, permission_id) VALUES ('7f293ea5-0a90-4f3b-b225-8848946c2f12', 'cf81d095-b10c-4d2f-b5be-8f8e3f9701a7');
INSERT INTO role_permissions (role_id, permission_id) VALUES ('7f293ea5-0a90-4f3b-b225-8848946c2f12', '58c0d261-0ef3-4220-8a5a-7a9b74976230');
INSERT INTO role_permissions (role_id, permission_id) VALUES ('7f293ea5-0a90-4f3b-b225-8848946c2f12', 'dcc94216-8225-40e7-863c-62081e2dbdaa');
INSERT INTO role_permissions (role_id, permission_id) VALUES ('7f293ea5-0a90-4f3b-b225-8848946c2f12', '69d6c3ef-2c56-472d-b11b-1e9072982796');
INSERT INTO role_permissions (role_id, permission_id) VALUES ('7f293ea5-0a90-4f3b-b225-8848946c2f12', '4fde1231-00eb-400e-aa65-d1480a8722a0');
INSERT INTO role_permissions (role_id, permission_id) VALUES ('7f293ea5-0a90-4f3b-b225-8848946c2f12', '1f5b6300-906d-4cba-aac0-ff07f4e70f34');
INSERT INTO role_permissions (role_id, permission_id) VALUES ('7f293ea5-0a90-4f3b-b225-8848946c2f12', '4213c0ab-51f2-4223-bbdf-0b75b7c86b67');
INSERT INTO role_permissions (role_id, permission_id) VALUES ('f4398c46-b9ef-4c89-aa41-b6f8946cf769', 'c3a030ab-4a67-4d8d-9186-c008d6065083');
INSERT INTO role_permissions (role_id, permission_id) VALUES ('f4398c46-b9ef-4c89-aa41-b6f8946cf769', 'f985ed1c-1d7b-43ae-9cc7-d89d8e1b5d99');
INSERT INTO role_permissions (role_id, permission_id) VALUES ('f4398c46-b9ef-4c89-aa41-b6f8946cf769', '9fd9af8d-869f-4c1c-a744-abd3160532a9');
INSERT INTO role_permissions (role_id, permission_id) VALUES ('f4398c46-b9ef-4c89-aa41-b6f8946cf769', '889710a9-ceb6-4dad-bcd0-c8da7cac9b09');
INSERT INTO role_permissions (role_id, permission_id) VALUES ('f4398c46-b9ef-4c89-aa41-b6f8946cf769', 'a8c0256d-bd6d-4162-9ae4-01df473a4593');
INSERT INTO role_permissions (role_id, permission_id) VALUES ('f4398c46-b9ef-4c89-aa41-b6f8946cf769', '797c4fd3-d622-4cdd-981b-647ee1473559');
INSERT INTO role_permissions (role_id, permission_id) VALUES ('f4398c46-b9ef-4c89-aa41-b6f8946cf769', '4fde1231-00eb-400e-aa65-d1480a8722a0');
INSERT INTO role_permissions (role_id, permission_id) VALUES ('f4398c46-b9ef-4c89-aa41-b6f8946cf769', '69d6c3ef-2c56-472d-b11b-1e9072982796');
INSERT INTO role_permissions (role_id, permission_id) VALUES ('f4398c46-b9ef-4c89-aa41-b6f8946cf769', 'e59f3fb6-576f-4e13-9483-49432bd4019c');
INSERT INTO role_permissions (role_id, permission_id) VALUES ('f4398c46-b9ef-4c89-aa41-b6f8946cf769', '8c5527a4-3403-49df-89d3-d8574ab64a4f');
INSERT INTO role_permissions (role_id, permission_id) VALUES ('f4398c46-b9ef-4c89-aa41-b6f8946cf769', '3a88e3c3-2077-49c4-9ad4-622b736c1d00');
INSERT INTO role_permissions (role_id, permission_id) VALUES ('f4398c46-b9ef-4c89-aa41-b6f8946cf769', 'c49b5b09-5c0c-4d56-9104-bffd39a77df2');
INSERT INTO role_permissions (role_id, permission_id) VALUES ('f4398c46-b9ef-4c89-aa41-b6f8946cf769', 'fd1dfa9a-ff91-43a6-8f6c-f5d99df8101f');
INSERT INTO role_permissions (role_id, permission_id) VALUES ('f4398c46-b9ef-4c89-aa41-b6f8946cf769', 'd57e64c9-9614-455f-a7f5-a6845c38c2be');
INSERT INTO role_permissions (role_id, permission_id) VALUES ('f4398c46-b9ef-4c89-aa41-b6f8946cf769', 'abc17534-a3e2-45f3-a06c-64e9d3810d61');
INSERT INTO role_permissions (role_id, permission_id) VALUES ('f4398c46-b9ef-4c89-aa41-b6f8946cf769', '9a181a4e-e1a7-45fa-80af-6fadeea921b1');
INSERT INTO role_permissions (role_id, permission_id) VALUES ('f4398c46-b9ef-4c89-aa41-b6f8946cf769', '699e2b64-ab16-44bd-88af-080f28dfecf7');
INSERT INTO role_permissions (role_id, permission_id) VALUES ('f4398c46-b9ef-4c89-aa41-b6f8946cf769', 'cbf62ca0-c134-4522-97b5-01b0bb1bdc02');
INSERT INTO role_permissions (role_id, permission_id) VALUES ('f4398c46-b9ef-4c89-aa41-b6f8946cf769', 'b0d355a2-ff07-49e9-ac22-a2a1ede2fbde');
INSERT INTO role_permissions (role_id, permission_id) VALUES ('f4398c46-b9ef-4c89-aa41-b6f8946cf769', 'e368dfdb-e25d-4816-b72c-6ca4606c30ed');
INSERT INTO role_permissions (role_id, permission_id) VALUES ('f4398c46-b9ef-4c89-aa41-b6f8946cf769', 'd99b96c3-f7fa-42cd-8a44-6abd20eeb443');
INSERT INTO role_permissions (role_id, permission_id) VALUES ('f4398c46-b9ef-4c89-aa41-b6f8946cf769', '042a93e9-c2ef-4a42-b428-71ecfab8bb8b');
INSERT INTO role_permissions (role_id, permission_id) VALUES ('f4398c46-b9ef-4c89-aa41-b6f8946cf769', 'd23f1c29-fac3-4e5a-a25c-2acc8b9c44a2');
INSERT INTO role_permissions (role_id, permission_id) VALUES ('f4398c46-b9ef-4c89-aa41-b6f8946cf769', '150ddf07-6534-457e-89e4-8091b550ea35');
INSERT INTO role_permissions (role_id, permission_id) VALUES ('f4398c46-b9ef-4c89-aa41-b6f8946cf769', 'ac9d18c4-3623-4b40-ac7d-ba8cf8a67e9f');
INSERT INTO role_permissions (role_id, permission_id) VALUES ('f4398c46-b9ef-4c89-aa41-b6f8946cf769', '1a0896e2-94d3-486a-97df-537e948934e0');
INSERT INTO role_permissions (role_id, permission_id) VALUES ('f4398c46-b9ef-4c89-aa41-b6f8946cf769', 'd2ac14e1-47bc-4287-a6a7-ff66dd7642af');
INSERT INTO role_permissions (role_id, permission_id) VALUES ('f4398c46-b9ef-4c89-aa41-b6f8946cf769', 'b2fdf41f-2047-406f-a75d-5a98570ccf6f');
INSERT INTO role_permissions (role_id, permission_id) VALUES ('f4398c46-b9ef-4c89-aa41-b6f8946cf769', '2b3a08a9-628c-4ed7-b6b6-12d69ea16869');
INSERT INTO role_permissions (role_id, permission_id) VALUES ('f4398c46-b9ef-4c89-aa41-b6f8946cf769', 'cf81d095-b10c-4d2f-b5be-8f8e3f9701a7');
INSERT INTO role_permissions (role_id, permission_id) VALUES ('f4398c46-b9ef-4c89-aa41-b6f8946cf769', '58c0d261-0ef3-4220-8a5a-7a9b74976230');
INSERT INTO role_permissions (role_id, permission_id) VALUES ('f4398c46-b9ef-4c89-aa41-b6f8946cf769', '4213c0ab-51f2-4223-bbdf-0b75b7c86b67');
INSERT INTO role_permissions (role_id, permission_id) VALUES ('f4398c46-b9ef-4c89-aa41-b6f8946cf769', 'a1b3141d-a414-4969-b50c-b259e347a84b');
INSERT INTO role_permissions (role_id, permission_id) VALUES ('f4398c46-b9ef-4c89-aa41-b6f8946cf769', '6b8f0580-e976-44a0-bda7-4d63f516273d');
INSERT INTO role_permissions (role_id, permission_id) VALUES ('f4398c46-b9ef-4c89-aa41-b6f8946cf769', '7b81cb0e-60bb-4af6-a6d9-00033dffe91f');
INSERT INTO role_permissions (role_id, permission_id) VALUES ('f4398c46-b9ef-4c89-aa41-b6f8946cf769', 'a4363982-2109-41c3-922c-c5127b7a1332');
INSERT INTO role_permissions (role_id, permission_id) VALUES ('f4398c46-b9ef-4c89-aa41-b6f8946cf769', 'da217173-e227-4491-ae81-ea98b88595e1');
INSERT INTO role_permissions (role_id, permission_id) VALUES ('f4398c46-b9ef-4c89-aa41-b6f8946cf769', '1f5b6300-906d-4cba-aac0-ff07f4e70f34');
INSERT INTO role_permissions (role_id, permission_id) VALUES ('f4398c46-b9ef-4c89-aa41-b6f8946cf769', 'd2528983-3ceb-4d13-9fc0-a6e5ba00d5e9');
INSERT INTO role_permissions (role_id, permission_id) VALUES ('f4398c46-b9ef-4c89-aa41-b6f8946cf769', '3a60befc-2d19-4948-aa28-c5775f818e4c');
INSERT INTO role_permissions (role_id, permission_id) VALUES ('f4398c46-b9ef-4c89-aa41-b6f8946cf769', '5a6f8016-1d8c-4e9e-888f-02ed3e5e46f1');
INSERT INTO role_permissions (role_id, permission_id) VALUES ('f4398c46-b9ef-4c89-aa41-b6f8946cf769', '1a47321e-be5f-438d-9a6f-056de2f75a02');
INSERT INTO role_permissions (role_id, permission_id) VALUES ('f4398c46-b9ef-4c89-aa41-b6f8946cf769', 'dcc94216-8225-40e7-863c-62081e2dbdaa');
INSERT INTO role_permissions (role_id, permission_id) VALUES ('f4398c46-b9ef-4c89-aa41-b6f8946cf769', '3e7fc661-439e-4693-8d12-3b8629a36118');
INSERT INTO role_permissions (role_id, permission_id) VALUES ('f4398c46-b9ef-4c89-aa41-b6f8946cf769', '0f3ff5d1-1cfd-4328-9833-ca539665a85f');
INSERT INTO role_permissions (role_id, permission_id) VALUES ('f4398c46-b9ef-4c89-aa41-b6f8946cf769', 'e334f7a9-d233-4859-9c6b-23f5a8dbf1dc');
INSERT INTO role_permissions (role_id, permission_id) VALUES ('d819bbb1-da5d-4ca1-983a-d086e490361b', 'c3a030ab-4a67-4d8d-9186-c008d6065083');
INSERT INTO role_permissions (role_id, permission_id) VALUES ('d819bbb1-da5d-4ca1-983a-d086e490361b', '9fd9af8d-869f-4c1c-a744-abd3160532a9');
INSERT INTO role_permissions (role_id, permission_id) VALUES ('d819bbb1-da5d-4ca1-983a-d086e490361b', '889710a9-ceb6-4dad-bcd0-c8da7cac9b09');
INSERT INTO role_permissions (role_id, permission_id) VALUES ('d819bbb1-da5d-4ca1-983a-d086e490361b', 'a8c0256d-bd6d-4162-9ae4-01df473a4593');
INSERT INTO role_permissions (role_id, permission_id) VALUES ('d819bbb1-da5d-4ca1-983a-d086e490361b', '69d6c3ef-2c56-472d-b11b-1e9072982796');
INSERT INTO role_permissions (role_id, permission_id) VALUES ('d819bbb1-da5d-4ca1-983a-d086e490361b', 'e59f3fb6-576f-4e13-9483-49432bd4019c');
INSERT INTO role_permissions (role_id, permission_id) VALUES ('d819bbb1-da5d-4ca1-983a-d086e490361b', '8c5527a4-3403-49df-89d3-d8574ab64a4f');
INSERT INTO role_permissions (role_id, permission_id) VALUES ('d819bbb1-da5d-4ca1-983a-d086e490361b', 'fd1dfa9a-ff91-43a6-8f6c-f5d99df8101f');
INSERT INTO role_permissions (role_id, permission_id) VALUES ('d819bbb1-da5d-4ca1-983a-d086e490361b', 'd57e64c9-9614-455f-a7f5-a6845c38c2be');
INSERT INTO role_permissions (role_id, permission_id) VALUES ('d819bbb1-da5d-4ca1-983a-d086e490361b', 'abc17534-a3e2-45f3-a06c-64e9d3810d61');
INSERT INTO role_permissions (role_id, permission_id) VALUES ('d819bbb1-da5d-4ca1-983a-d086e490361b', 'cbf62ca0-c134-4522-97b5-01b0bb1bdc02');
INSERT INTO role_permissions (role_id, permission_id) VALUES ('d819bbb1-da5d-4ca1-983a-d086e490361b', 'b0d355a2-ff07-49e9-ac22-a2a1ede2fbde');
INSERT INTO role_permissions (role_id, permission_id) VALUES ('d819bbb1-da5d-4ca1-983a-d086e490361b', 'd99b96c3-f7fa-42cd-8a44-6abd20eeb443');
INSERT INTO role_permissions (role_id, permission_id) VALUES ('d819bbb1-da5d-4ca1-983a-d086e490361b', '042a93e9-c2ef-4a42-b428-71ecfab8bb8b');
INSERT INTO role_permissions (role_id, permission_id) VALUES ('d819bbb1-da5d-4ca1-983a-d086e490361b', 'd23f1c29-fac3-4e5a-a25c-2acc8b9c44a2');
INSERT INTO role_permissions (role_id, permission_id) VALUES ('d819bbb1-da5d-4ca1-983a-d086e490361b', 'd2ac14e1-47bc-4287-a6a7-ff66dd7642af');
INSERT INTO role_permissions (role_id, permission_id) VALUES ('d819bbb1-da5d-4ca1-983a-d086e490361b', 'b2fdf41f-2047-406f-a75d-5a98570ccf6f');
INSERT INTO role_permissions (role_id, permission_id) VALUES ('d819bbb1-da5d-4ca1-983a-d086e490361b', '4213c0ab-51f2-4223-bbdf-0b75b7c86b67');
INSERT INTO role_permissions (role_id, permission_id) VALUES ('d819bbb1-da5d-4ca1-983a-d086e490361b', 'a1b3141d-a414-4969-b50c-b259e347a84b');
INSERT INTO role_permissions (role_id, permission_id) VALUES ('d819bbb1-da5d-4ca1-983a-d086e490361b', '6b8f0580-e976-44a0-bda7-4d63f516273d');
INSERT INTO role_permissions (role_id, permission_id) VALUES ('d819bbb1-da5d-4ca1-983a-d086e490361b', '7b81cb0e-60bb-4af6-a6d9-00033dffe91f');
INSERT INTO role_permissions (role_id, permission_id) VALUES ('d819bbb1-da5d-4ca1-983a-d086e490361b', '1f5b6300-906d-4cba-aac0-ff07f4e70f34');
INSERT INTO role_permissions (role_id, permission_id) VALUES ('d819bbb1-da5d-4ca1-983a-d086e490361b', 'd2528983-3ceb-4d13-9fc0-a6e5ba00d5e9');
INSERT INTO role_permissions (role_id, permission_id) VALUES ('d819bbb1-da5d-4ca1-983a-d086e490361b', '3a60befc-2d19-4948-aa28-c5775f818e4c');
INSERT INTO role_permissions (role_id, permission_id) VALUES ('d819bbb1-da5d-4ca1-983a-d086e490361b', '5a6f8016-1d8c-4e9e-888f-02ed3e5e46f1');
INSERT INTO role_permissions (role_id, permission_id) VALUES ('d819bbb1-da5d-4ca1-983a-d086e490361b', '1a47321e-be5f-438d-9a6f-056de2f75a02');
INSERT INTO role_permissions (role_id, permission_id) VALUES ('d819bbb1-da5d-4ca1-983a-d086e490361b', 'e334f7a9-d233-4859-9c6b-23f5a8dbf1dc');
INSERT INTO role_permissions (role_id, permission_id) VALUES ('998b330c-4f56-4217-a3b7-4d0e04a2b7a7', '9fd9af8d-869f-4c1c-a744-abd3160532a9');
INSERT INTO role_permissions (role_id, permission_id) VALUES ('998b330c-4f56-4217-a3b7-4d0e04a2b7a7', '889710a9-ceb6-4dad-bcd0-c8da7cac9b09');
INSERT INTO role_permissions (role_id, permission_id) VALUES ('998b330c-4f56-4217-a3b7-4d0e04a2b7a7', 'a8c0256d-bd6d-4162-9ae4-01df473a4593');
INSERT INTO role_permissions (role_id, permission_id) VALUES ('998b330c-4f56-4217-a3b7-4d0e04a2b7a7', '69d6c3ef-2c56-472d-b11b-1e9072982796');
INSERT INTO role_permissions (role_id, permission_id) VALUES ('998b330c-4f56-4217-a3b7-4d0e04a2b7a7', '8c5527a4-3403-49df-89d3-d8574ab64a4f');
INSERT INTO role_permissions (role_id, permission_id) VALUES ('998b330c-4f56-4217-a3b7-4d0e04a2b7a7', 'd57e64c9-9614-455f-a7f5-a6845c38c2be');
INSERT INTO role_permissions (role_id, permission_id) VALUES ('998b330c-4f56-4217-a3b7-4d0e04a2b7a7', 'abc17534-a3e2-45f3-a06c-64e9d3810d61');
INSERT INTO role_permissions (role_id, permission_id) VALUES ('998b330c-4f56-4217-a3b7-4d0e04a2b7a7', 'cbf62ca0-c134-4522-97b5-01b0bb1bdc02');
INSERT INTO role_permissions (role_id, permission_id) VALUES ('998b330c-4f56-4217-a3b7-4d0e04a2b7a7', 'b0d355a2-ff07-49e9-ac22-a2a1ede2fbde');
INSERT INTO role_permissions (role_id, permission_id) VALUES ('998b330c-4f56-4217-a3b7-4d0e04a2b7a7', 'd99b96c3-f7fa-42cd-8a44-6abd20eeb443');
INSERT INTO role_permissions (role_id, permission_id) VALUES ('998b330c-4f56-4217-a3b7-4d0e04a2b7a7', '042a93e9-c2ef-4a42-b428-71ecfab8bb8b');
INSERT INTO role_permissions (role_id, permission_id) VALUES ('998b330c-4f56-4217-a3b7-4d0e04a2b7a7', 'd23f1c29-fac3-4e5a-a25c-2acc8b9c44a2');
INSERT INTO role_permissions (role_id, permission_id) VALUES ('998b330c-4f56-4217-a3b7-4d0e04a2b7a7', 'd2ac14e1-47bc-4287-a6a7-ff66dd7642af');
INSERT INTO role_permissions (role_id, permission_id) VALUES ('998b330c-4f56-4217-a3b7-4d0e04a2b7a7', 'b2fdf41f-2047-406f-a75d-5a98570ccf6f');
INSERT INTO role_permissions (role_id, permission_id) VALUES ('998b330c-4f56-4217-a3b7-4d0e04a2b7a7', 'a1b3141d-a414-4969-b50c-b259e347a84b');
INSERT INTO role_permissions (role_id, permission_id) VALUES ('998b330c-4f56-4217-a3b7-4d0e04a2b7a7', '7b81cb0e-60bb-4af6-a6d9-00033dffe91f');
INSERT INTO role_permissions (role_id, permission_id) VALUES ('998b330c-4f56-4217-a3b7-4d0e04a2b7a7', '1f5b6300-906d-4cba-aac0-ff07f4e70f34');
INSERT INTO role_permissions (role_id, permission_id) VALUES ('998b330c-4f56-4217-a3b7-4d0e04a2b7a7', '3a60befc-2d19-4948-aa28-c5775f818e4c');
INSERT INTO role_permissions (role_id, permission_id) VALUES ('998b330c-4f56-4217-a3b7-4d0e04a2b7a7', '1a47321e-be5f-438d-9a6f-056de2f75a02');
INSERT INTO role_permissions (role_id, permission_id) VALUES ('998b330c-4f56-4217-a3b7-4d0e04a2b7a7', 'e334f7a9-d233-4859-9c6b-23f5a8dbf1dc');
INSERT INTO role_permissions (role_id, permission_id) VALUES ('6a2ec86d-dd91-4d66-811a-7b3e61713e40', '9fd9af8d-869f-4c1c-a744-abd3160532a9');
INSERT INTO role_permissions (role_id, permission_id) VALUES ('6a2ec86d-dd91-4d66-811a-7b3e61713e40', '889710a9-ceb6-4dad-bcd0-c8da7cac9b09');
INSERT INTO role_permissions (role_id, permission_id) VALUES ('6a2ec86d-dd91-4d66-811a-7b3e61713e40', '69d6c3ef-2c56-472d-b11b-1e9072982796');
INSERT INTO role_permissions (role_id, permission_id) VALUES ('6a2ec86d-dd91-4d66-811a-7b3e61713e40', '8c5527a4-3403-49df-89d3-d8574ab64a4f');
INSERT INTO role_permissions (role_id, permission_id) VALUES ('6a2ec86d-dd91-4d66-811a-7b3e61713e40', 'd57e64c9-9614-455f-a7f5-a6845c38c2be');
INSERT INTO role_permissions (role_id, permission_id) VALUES ('6a2ec86d-dd91-4d66-811a-7b3e61713e40', 'abc17534-a3e2-45f3-a06c-64e9d3810d61');
INSERT INTO role_permissions (role_id, permission_id) VALUES ('6a2ec86d-dd91-4d66-811a-7b3e61713e40', 'b0d355a2-ff07-49e9-ac22-a2a1ede2fbde');
INSERT INTO role_permissions (role_id, permission_id) VALUES ('6a2ec86d-dd91-4d66-811a-7b3e61713e40', 'd99b96c3-f7fa-42cd-8a44-6abd20eeb443');
INSERT INTO role_permissions (role_id, permission_id) VALUES ('6a2ec86d-dd91-4d66-811a-7b3e61713e40', '042a93e9-c2ef-4a42-b428-71ecfab8bb8b');
INSERT INTO role_permissions (role_id, permission_id) VALUES ('6a2ec86d-dd91-4d66-811a-7b3e61713e40', 'd23f1c29-fac3-4e5a-a25c-2acc8b9c44a2');
INSERT INTO role_permissions (role_id, permission_id) VALUES ('6a2ec86d-dd91-4d66-811a-7b3e61713e40', 'd2ac14e1-47bc-4287-a6a7-ff66dd7642af');
INSERT INTO role_permissions (role_id, permission_id) VALUES ('6a2ec86d-dd91-4d66-811a-7b3e61713e40', 'b2fdf41f-2047-406f-a75d-5a98570ccf6f');
INSERT INTO role_permissions (role_id, permission_id) VALUES ('6a2ec86d-dd91-4d66-811a-7b3e61713e40', '7b81cb0e-60bb-4af6-a6d9-00033dffe91f');
INSERT INTO role_permissions (role_id, permission_id) VALUES ('6a2ec86d-dd91-4d66-811a-7b3e61713e40', '1f5b6300-906d-4cba-aac0-ff07f4e70f34');
INSERT INTO role_permissions (role_id, permission_id) VALUES ('6a2ec86d-dd91-4d66-811a-7b3e61713e40', '3a60befc-2d19-4948-aa28-c5775f818e4c');
INSERT INTO role_permissions (role_id, permission_id) VALUES ('6a2ec86d-dd91-4d66-811a-7b3e61713e40', 'e334f7a9-d233-4859-9c6b-23f5a8dbf1dc');
INSERT INTO role_permissions (role_id, permission_id) VALUES ('28bdba23-21b4-41d5-ba21-9cea857b245f', '9fd9af8d-869f-4c1c-a744-abd3160532a9');
INSERT INTO role_permissions (role_id, permission_id) VALUES ('28bdba23-21b4-41d5-ba21-9cea857b245f', '889710a9-ceb6-4dad-bcd0-c8da7cac9b09');
INSERT INTO role_permissions (role_id, permission_id) VALUES ('28bdba23-21b4-41d5-ba21-9cea857b245f', '69d6c3ef-2c56-472d-b11b-1e9072982796');
INSERT INTO role_permissions (role_id, permission_id) VALUES ('28bdba23-21b4-41d5-ba21-9cea857b245f', '8c5527a4-3403-49df-89d3-d8574ab64a4f');
INSERT INTO role_permissions (role_id, permission_id) VALUES ('28bdba23-21b4-41d5-ba21-9cea857b245f', 'abc17534-a3e2-45f3-a06c-64e9d3810d61');
INSERT INTO role_permissions (role_id, permission_id) VALUES ('28bdba23-21b4-41d5-ba21-9cea857b245f', 'b0d355a2-ff07-49e9-ac22-a2a1ede2fbde');
INSERT INTO role_permissions (role_id, permission_id) VALUES ('28bdba23-21b4-41d5-ba21-9cea857b245f', 'd99b96c3-f7fa-42cd-8a44-6abd20eeb443');
INSERT INTO role_permissions (role_id, permission_id) VALUES ('28bdba23-21b4-41d5-ba21-9cea857b245f', '042a93e9-c2ef-4a42-b428-71ecfab8bb8b');
INSERT INTO role_permissions (role_id, permission_id) VALUES ('28bdba23-21b4-41d5-ba21-9cea857b245f', 'd23f1c29-fac3-4e5a-a25c-2acc8b9c44a2');
INSERT INTO role_permissions (role_id, permission_id) VALUES ('28bdba23-21b4-41d5-ba21-9cea857b245f', 'd2ac14e1-47bc-4287-a6a7-ff66dd7642af');
INSERT INTO role_permissions (role_id, permission_id) VALUES ('28bdba23-21b4-41d5-ba21-9cea857b245f', 'b2fdf41f-2047-406f-a75d-5a98570ccf6f');
INSERT INTO role_permissions (role_id, permission_id) VALUES ('28bdba23-21b4-41d5-ba21-9cea857b245f', '7b81cb0e-60bb-4af6-a6d9-00033dffe91f');
INSERT INTO role_permissions (role_id, permission_id) VALUES ('28bdba23-21b4-41d5-ba21-9cea857b245f', '1f5b6300-906d-4cba-aac0-ff07f4e70f34');
INSERT INTO role_permissions (role_id, permission_id) VALUES ('28bdba23-21b4-41d5-ba21-9cea857b245f', '3a60befc-2d19-4948-aa28-c5775f818e4c');
INSERT INTO role_permissions (role_id, permission_id) VALUES ('28bdba23-21b4-41d5-ba21-9cea857b245f', 'e334f7a9-d233-4859-9c6b-23f5a8dbf1dc');
INSERT INTO role_permissions (role_id, permission_id) VALUES ('1dc5bcd2-c0f5-4f89-9ac3-eccbd15a0992', '69d6c3ef-2c56-472d-b11b-1e9072982796');
INSERT INTO role_permissions (role_id, permission_id) VALUES ('1dc5bcd2-c0f5-4f89-9ac3-eccbd15a0992', '8c5527a4-3403-49df-89d3-d8574ab64a4f');
INSERT INTO role_permissions (role_id, permission_id) VALUES ('1dc5bcd2-c0f5-4f89-9ac3-eccbd15a0992', 'd57e64c9-9614-455f-a7f5-a6845c38c2be');
INSERT INTO role_permissions (role_id, permission_id) VALUES ('1dc5bcd2-c0f5-4f89-9ac3-eccbd15a0992', 'abc17534-a3e2-45f3-a06c-64e9d3810d61');
INSERT INTO role_permissions (role_id, permission_id) VALUES ('1dc5bcd2-c0f5-4f89-9ac3-eccbd15a0992', 'b0d355a2-ff07-49e9-ac22-a2a1ede2fbde');
INSERT INTO role_permissions (role_id, permission_id) VALUES ('1dc5bcd2-c0f5-4f89-9ac3-eccbd15a0992', 'd99b96c3-f7fa-42cd-8a44-6abd20eeb443');
INSERT INTO role_permissions (role_id, permission_id) VALUES ('1dc5bcd2-c0f5-4f89-9ac3-eccbd15a0992', 'd23f1c29-fac3-4e5a-a25c-2acc8b9c44a2');
INSERT INTO role_permissions (role_id, permission_id) VALUES ('1dc5bcd2-c0f5-4f89-9ac3-eccbd15a0992', 'd2ac14e1-47bc-4287-a6a7-ff66dd7642af');
INSERT INTO role_permissions (role_id, permission_id) VALUES ('1dc5bcd2-c0f5-4f89-9ac3-eccbd15a0992', 'b2fdf41f-2047-406f-a75d-5a98570ccf6f');
INSERT INTO role_permissions (role_id, permission_id) VALUES ('1dc5bcd2-c0f5-4f89-9ac3-eccbd15a0992', '7b81cb0e-60bb-4af6-a6d9-00033dffe91f');
INSERT INTO role_permissions (role_id, permission_id) VALUES ('1dc5bcd2-c0f5-4f89-9ac3-eccbd15a0992', '1f5b6300-906d-4cba-aac0-ff07f4e70f34');
INSERT INTO role_permissions (role_id, permission_id) VALUES ('1dc5bcd2-c0f5-4f89-9ac3-eccbd15a0992', '3a60befc-2d19-4948-aa28-c5775f818e4c');
INSERT INTO role_permissions (role_id, permission_id) VALUES ('1dc5bcd2-c0f5-4f89-9ac3-eccbd15a0992', 'e334f7a9-d233-4859-9c6b-23f5a8dbf1dc');
INSERT INTO role_permissions (role_id, permission_id) VALUES ('4ec011a0-bea6-483e-8df2-36885af90687', 'c3a030ab-4a67-4d8d-9186-c008d6065083');
INSERT INTO role_permissions (role_id, permission_id) VALUES ('4ec011a0-bea6-483e-8df2-36885af90687', '9fd9af8d-869f-4c1c-a744-abd3160532a9');
INSERT INTO role_permissions (role_id, permission_id) VALUES ('4ec011a0-bea6-483e-8df2-36885af90687', '889710a9-ceb6-4dad-bcd0-c8da7cac9b09');
INSERT INTO role_permissions (role_id, permission_id) VALUES ('4ec011a0-bea6-483e-8df2-36885af90687', 'a8c0256d-bd6d-4162-9ae4-01df473a4593');
INSERT INTO role_permissions (role_id, permission_id) VALUES ('4ec011a0-bea6-483e-8df2-36885af90687', '69d6c3ef-2c56-472d-b11b-1e9072982796');
INSERT INTO role_permissions (role_id, permission_id) VALUES ('4ec011a0-bea6-483e-8df2-36885af90687', '8c5527a4-3403-49df-89d3-d8574ab64a4f');
INSERT INTO role_permissions (role_id, permission_id) VALUES ('4ec011a0-bea6-483e-8df2-36885af90687', 'fd1dfa9a-ff91-43a6-8f6c-f5d99df8101f');
INSERT INTO role_permissions (role_id, permission_id) VALUES ('4ec011a0-bea6-483e-8df2-36885af90687', 'd57e64c9-9614-455f-a7f5-a6845c38c2be');
INSERT INTO role_permissions (role_id, permission_id) VALUES ('4ec011a0-bea6-483e-8df2-36885af90687', 'abc17534-a3e2-45f3-a06c-64e9d3810d61');
INSERT INTO role_permissions (role_id, permission_id) VALUES ('4ec011a0-bea6-483e-8df2-36885af90687', 'cbf62ca0-c134-4522-97b5-01b0bb1bdc02');
INSERT INTO role_permissions (role_id, permission_id) VALUES ('4ec011a0-bea6-483e-8df2-36885af90687', 'b0d355a2-ff07-49e9-ac22-a2a1ede2fbde');
INSERT INTO role_permissions (role_id, permission_id) VALUES ('4ec011a0-bea6-483e-8df2-36885af90687', 'd99b96c3-f7fa-42cd-8a44-6abd20eeb443');
INSERT INTO role_permissions (role_id, permission_id) VALUES ('4ec011a0-bea6-483e-8df2-36885af90687', '042a93e9-c2ef-4a42-b428-71ecfab8bb8b');
INSERT INTO role_permissions (role_id, permission_id) VALUES ('4ec011a0-bea6-483e-8df2-36885af90687', 'd23f1c29-fac3-4e5a-a25c-2acc8b9c44a2');
INSERT INTO role_permissions (role_id, permission_id) VALUES ('4ec011a0-bea6-483e-8df2-36885af90687', 'd2ac14e1-47bc-4287-a6a7-ff66dd7642af');
INSERT INTO role_permissions (role_id, permission_id) VALUES ('4ec011a0-bea6-483e-8df2-36885af90687', 'b2fdf41f-2047-406f-a75d-5a98570ccf6f');
INSERT INTO role_permissions (role_id, permission_id) VALUES ('4ec011a0-bea6-483e-8df2-36885af90687', 'a1b3141d-a414-4969-b50c-b259e347a84b');
INSERT INTO role_permissions (role_id, permission_id) VALUES ('4ec011a0-bea6-483e-8df2-36885af90687', '6b8f0580-e976-44a0-bda7-4d63f516273d');
INSERT INTO role_permissions (role_id, permission_id) VALUES ('4ec011a0-bea6-483e-8df2-36885af90687', '7b81cb0e-60bb-4af6-a6d9-00033dffe91f');
INSERT INTO role_permissions (role_id, permission_id) VALUES ('4ec011a0-bea6-483e-8df2-36885af90687', '1f5b6300-906d-4cba-aac0-ff07f4e70f34');
INSERT INTO role_permissions (role_id, permission_id) VALUES ('4ec011a0-bea6-483e-8df2-36885af90687', 'd2528983-3ceb-4d13-9fc0-a6e5ba00d5e9');
INSERT INTO role_permissions (role_id, permission_id) VALUES ('4ec011a0-bea6-483e-8df2-36885af90687', '3a60befc-2d19-4948-aa28-c5775f818e4c');
INSERT INTO role_permissions (role_id, permission_id) VALUES ('4ec011a0-bea6-483e-8df2-36885af90687', 'e334f7a9-d233-4859-9c6b-23f5a8dbf1dc');
INSERT INTO role_permissions (role_id, permission_id) VALUES ('0e109cd5-501a-411f-b9af-f78092a2c8dd', 'e59f3fb6-576f-4e13-9483-49432bd4019c');
INSERT INTO role_permissions (role_id, permission_id) VALUES ('0e109cd5-501a-411f-b9af-f78092a2c8dd', 'c49b5b09-5c0c-4d56-9104-bffd39a77df2');
INSERT INTO role_permissions (role_id, permission_id) VALUES ('0e109cd5-501a-411f-b9af-f78092a2c8dd', 'fd1dfa9a-ff91-43a6-8f6c-f5d99df8101f');
INSERT INTO role_permissions (role_id, permission_id) VALUES ('0e109cd5-501a-411f-b9af-f78092a2c8dd', '150ddf07-6534-457e-89e4-8091b550ea35');
INSERT INTO role_permissions (role_id, permission_id) VALUES ('0e109cd5-501a-411f-b9af-f78092a2c8dd', 'd2ac14e1-47bc-4287-a6a7-ff66dd7642af');
INSERT INTO role_permissions (role_id, permission_id) VALUES ('0e109cd5-501a-411f-b9af-f78092a2c8dd', 'b2fdf41f-2047-406f-a75d-5a98570ccf6f');
INSERT INTO role_permissions (role_id, permission_id) VALUES ('0e109cd5-501a-411f-b9af-f78092a2c8dd', '4213c0ab-51f2-4223-bbdf-0b75b7c86b67');
INSERT INTO role_permissions (role_id, permission_id) VALUES ('0e109cd5-501a-411f-b9af-f78092a2c8dd', '1f5b6300-906d-4cba-aac0-ff07f4e70f34');
INSERT INTO role_permissions (role_id, permission_id) VALUES ('0e109cd5-501a-411f-b9af-f78092a2c8dd', '1a47321e-be5f-438d-9a6f-056de2f75a02');
INSERT INTO role_permissions (role_id, permission_id) VALUES ('47fa03e8-1ff0-4aa4-8d9c-7f1250c911b1', '8c5527a4-3403-49df-89d3-d8574ab64a4f');
INSERT INTO role_permissions (role_id, permission_id) VALUES ('47fa03e8-1ff0-4aa4-8d9c-7f1250c911b1', 'd23f1c29-fac3-4e5a-a25c-2acc8b9c44a2');
INSERT INTO role_permissions (role_id, permission_id) VALUES ('47fa03e8-1ff0-4aa4-8d9c-7f1250c911b1', 'b2fdf41f-2047-406f-a75d-5a98570ccf6f');
INSERT INTO role_permissions (role_id, permission_id) VALUES ('47fa03e8-1ff0-4aa4-8d9c-7f1250c911b1', '7b81cb0e-60bb-4af6-a6d9-00033dffe91f');
INSERT INTO role_permissions (role_id, permission_id) VALUES ('47fa03e8-1ff0-4aa4-8d9c-7f1250c911b1', '1f5b6300-906d-4cba-aac0-ff07f4e70f34');
INSERT INTO role_permissions (role_id, permission_id) VALUES ('47fa03e8-1ff0-4aa4-8d9c-7f1250c911b1', 'e334f7a9-d233-4859-9c6b-23f5a8dbf1dc');
INSERT INTO role_permissions (role_id, permission_id) VALUES ('8b68a1d0-5f9d-4d0b-a7a7-d3f2d87d458e', '8c5527a4-3403-49df-89d3-d8574ab64a4f');
INSERT INTO role_permissions (role_id, permission_id) VALUES ('8b68a1d0-5f9d-4d0b-a7a7-d3f2d87d458e', 'abc17534-a3e2-45f3-a06c-64e9d3810d61');
INSERT INTO role_permissions (role_id, permission_id) VALUES ('8b68a1d0-5f9d-4d0b-a7a7-d3f2d87d458e', 'b0d355a2-ff07-49e9-ac22-a2a1ede2fbde');
INSERT INTO role_permissions (role_id, permission_id) VALUES ('8b68a1d0-5f9d-4d0b-a7a7-d3f2d87d458e', 'd99b96c3-f7fa-42cd-8a44-6abd20eeb443');
INSERT INTO role_permissions (role_id, permission_id) VALUES ('8b68a1d0-5f9d-4d0b-a7a7-d3f2d87d458e', 'd23f1c29-fac3-4e5a-a25c-2acc8b9c44a2');
INSERT INTO role_permissions (role_id, permission_id) VALUES ('8b68a1d0-5f9d-4d0b-a7a7-d3f2d87d458e', '1f5b6300-906d-4cba-aac0-ff07f4e70f34');
INSERT INTO role_permissions (role_id, permission_id) VALUES ('8b68a1d0-5f9d-4d0b-a7a7-d3f2d87d458e', '3a60befc-2d19-4948-aa28-c5775f818e4c');
INSERT INTO role_permissions (role_id, permission_id) VALUES ('d411bef0-55ac-4ab2-8bb0-1849b7d6b636', '69d6c3ef-2c56-472d-b11b-1e9072982796');
INSERT INTO role_permissions (role_id, permission_id) VALUES ('d411bef0-55ac-4ab2-8bb0-1849b7d6b636', '8c5527a4-3403-49df-89d3-d8574ab64a4f');
INSERT INTO role_permissions (role_id, permission_id) VALUES ('d411bef0-55ac-4ab2-8bb0-1849b7d6b636', 'abc17534-a3e2-45f3-a06c-64e9d3810d61');
INSERT INTO role_permissions (role_id, permission_id) VALUES ('d411bef0-55ac-4ab2-8bb0-1849b7d6b636', 'd99b96c3-f7fa-42cd-8a44-6abd20eeb443');
INSERT INTO role_permissions (role_id, permission_id) VALUES ('d411bef0-55ac-4ab2-8bb0-1849b7d6b636', '042a93e9-c2ef-4a42-b428-71ecfab8bb8b');
INSERT INTO role_permissions (role_id, permission_id) VALUES ('d411bef0-55ac-4ab2-8bb0-1849b7d6b636', 'd23f1c29-fac3-4e5a-a25c-2acc8b9c44a2');
INSERT INTO role_permissions (role_id, permission_id) VALUES ('d411bef0-55ac-4ab2-8bb0-1849b7d6b636', '1f5b6300-906d-4cba-aac0-ff07f4e70f34');
INSERT INTO role_permissions (role_id, permission_id) VALUES ('a40fd730-eb58-4590-9421-99225a7ba295', '889710a9-ceb6-4dad-bcd0-c8da7cac9b09');
INSERT INTO role_permissions (role_id, permission_id) VALUES ('a40fd730-eb58-4590-9421-99225a7ba295', '8c5527a4-3403-49df-89d3-d8574ab64a4f');
INSERT INTO role_permissions (role_id, permission_id) VALUES ('a40fd730-eb58-4590-9421-99225a7ba295', 'abc17534-a3e2-45f3-a06c-64e9d3810d61');
INSERT INTO role_permissions (role_id, permission_id) VALUES ('a40fd730-eb58-4590-9421-99225a7ba295', '042a93e9-c2ef-4a42-b428-71ecfab8bb8b');
INSERT INTO role_permissions (role_id, permission_id) VALUES ('a40fd730-eb58-4590-9421-99225a7ba295', 'd23f1c29-fac3-4e5a-a25c-2acc8b9c44a2');
INSERT INTO role_permissions (role_id, permission_id) VALUES ('a40fd730-eb58-4590-9421-99225a7ba295', '1f5b6300-906d-4cba-aac0-ff07f4e70f34');
INSERT INTO role_permissions (role_id, permission_id) VALUES ('01a197d9-664b-4099-9c16-b6c8387f41fb', '8c5527a4-3403-49df-89d3-d8574ab64a4f');
INSERT INTO role_permissions (role_id, permission_id) VALUES ('01a197d9-664b-4099-9c16-b6c8387f41fb', 'abc17534-a3e2-45f3-a06c-64e9d3810d61');
INSERT INTO role_permissions (role_id, permission_id) VALUES ('01a197d9-664b-4099-9c16-b6c8387f41fb', '042a93e9-c2ef-4a42-b428-71ecfab8bb8b');
INSERT INTO role_permissions (role_id, permission_id) VALUES ('01a197d9-664b-4099-9c16-b6c8387f41fb', 'd23f1c29-fac3-4e5a-a25c-2acc8b9c44a2');
INSERT INTO role_permissions (role_id, permission_id) VALUES ('01a197d9-664b-4099-9c16-b6c8387f41fb', '1f5b6300-906d-4cba-aac0-ff07f4e70f34');
INSERT INTO role_permissions (role_id, permission_id) VALUES ('47e37723-648a-4e99-bad9-49b51f7fc9a1', '8c5527a4-3403-49df-89d3-d8574ab64a4f');
INSERT INTO role_permissions (role_id, permission_id) VALUES ('47e37723-648a-4e99-bad9-49b51f7fc9a1', 'd57e64c9-9614-455f-a7f5-a6845c38c2be');
INSERT INTO role_permissions (role_id, permission_id) VALUES ('47e37723-648a-4e99-bad9-49b51f7fc9a1', 'abc17534-a3e2-45f3-a06c-64e9d3810d61');
INSERT INTO role_permissions (role_id, permission_id) VALUES ('47e37723-648a-4e99-bad9-49b51f7fc9a1', 'd23f1c29-fac3-4e5a-a25c-2acc8b9c44a2');
INSERT INTO role_permissions (role_id, permission_id) VALUES ('47e37723-648a-4e99-bad9-49b51f7fc9a1', '1f5b6300-906d-4cba-aac0-ff07f4e70f34');
INSERT INTO role_permissions (role_id, permission_id) VALUES ('7ac5ffd8-5708-462c-8c59-f0ad78164fc8', '8c5527a4-3403-49df-89d3-d8574ab64a4f');
INSERT INTO role_permissions (role_id, permission_id) VALUES ('7ac5ffd8-5708-462c-8c59-f0ad78164fc8', 'abc17534-a3e2-45f3-a06c-64e9d3810d61');
INSERT INTO role_permissions (role_id, permission_id) VALUES ('7ac5ffd8-5708-462c-8c59-f0ad78164fc8', 'd23f1c29-fac3-4e5a-a25c-2acc8b9c44a2');
INSERT INTO role_permissions (role_id, permission_id) VALUES ('7ac5ffd8-5708-462c-8c59-f0ad78164fc8', '1f5b6300-906d-4cba-aac0-ff07f4e70f34');
